{"proposals":20000,"accepted":3312,"acceptance rate":0.1656,"stats by move type":{"normal_move":{"proposed":0,"accepted":0,"zero A moves":0},"split_move":{"proposed":0,"accepted":0,"zero A moves":0},"merge_move":{"proposed":0,"accepted":0,"zero A moves":0},"birth_move":{"proposed":0,"accepted":0,"zero A moves":0},"death_move":{"proposed":0,"accepted":0,"zero A moves":0},"hyper_move":{"proposed":0,"accepted":0,"zero A moves":0}},"n_sources_counts":{"33":15,"30":34,"32":22,"16":1595,"11":655,"21":626,"26":275,"9":347,"25":328,"10":790,"7":96,"29":12,"19":1288,"17":2177,"8":28,"22":352,"6":16,"24":315,"4":37,"3":64,"28":93,"5":50,"20":550,"23":483,"13":2406,"14":2308,"31":11,"27":39,"15":2090,"12":1004,"18":1894},"mu_min":5.45491528048469,"mu_max":29.800092487957485,"mu_avg":17.47575194537023}