{"proposals":3000,"accepted":113,"acceptance rate total":0.03766666666666667,"acceptance rate burn in":null,"acceptance rate after burn in":0.03766666666666667,"zero A_rate":0.41333333333333333,"infinite A_rate":0.001,"finite A_rate":0.5856666666666667,"split proposals":229,"split accepts":2,"split acceptance rate":0.008733624454148471,"merge proposals":209,"merge accepts":0,"merge acceptance rate":0.0,"birth proposals":222,"birth accepts":1,"birth acceptance rate":0.0045045045045045045,"death proposals":223,"death accepts":1,"death acceptance rate":0.004484304932735426,"n_sources_counts":{"4":2,"3":2,"5":2994,"6":2}}