{"proposals":5000,"accepted":128,"acceptance rate total":0.0256,"acceptance rate burn in":null,"acceptance rate after burn in":0.0256,"zero A_rate":0.1634,"infinite A_rate":0.0028,"finite A_rate":0.8338,"split proposals":395,"split accepts":13,"split acceptance rate":0.03291139240506329,"merge proposals":389,"merge accepts":5,"merge acceptance rate":0.012853470437017995,"birth proposals":367,"birth accepts":11,"birth acceptance rate":0.02997275204359673,"death proposals":353,"death accepts":11,"death acceptance rate":0.031161473087818695,"n_sources_counts":{"7":5,"9":19,"13":115,"10":14,"14":217,"16":19,"11":54,"8":4,"15":4452,"12":101}}