{"proposals":3000,"accepted":101,"acceptance rate total":0.033666666666666664,"acceptance rate burn in":null,"acceptance rate after burn in":0.033666666666666664,"zero A_rate":0.22966666666666666,"infinite A_rate":0.0023333333333333335,"finite A_rate":0.768,"split proposals":227,"split accepts":3,"split acceptance rate":0.013215859030837005,"merge proposals":218,"merge accepts":0,"merge acceptance rate":0.0,"birth proposals":214,"birth accepts":4,"birth acceptance rate":0.018691588785046728,"death proposals":241,"death accepts":12,"death acceptance rate":0.04979253112033195,"n_sources_counts":{"9":6,"14":17,"13":12,"10":2516,"11":392,"15":3,"12":54}}