{"proposals":3000,"accepted":155,"acceptance rate total":0.051666666666666666,"acceptance rate burn in":null,"acceptance rate after burn in":0.051666666666666666,"zero A_rate":0.35933333333333334,"infinite A_rate":0.0013333333333333333,"finite A_rate":0.6393333333333333,"split proposals":227,"split accepts":2,"split acceptance rate":0.00881057268722467,"merge proposals":226,"merge accepts":1,"merge acceptance rate":0.004424778761061947,"birth proposals":199,"birth accepts":4,"birth acceptance rate":0.020100502512562814,"death proposals":240,"death accepts":7,"death acceptance rate":0.029166666666666667,"n_sources_counts":{"7":23,"5":2359,"6":618}}